<Level5>
    <Platforms>
        <Platform Width="15.300022" Height="0.39999992" xPos="8.446462254054115" yPos="-1.9521815881459299">
            <Texture>Images/Platforms/Block.png</Texture>
        </Platform>
        <Platform Width="18.200033" Height="0.39999992" xPos="-5.6882379330449861" yPos="-1.9541105580431462">
            <Texture>Images/Platforms/Block.png</Texture>
        </Platform>
        <Platform Width="6.699996" Height="1.8000002" xPos="-3.0058830943230452" yPos="-0.86705567807212469">
            <Texture>Images/Platforms/Block.png</Texture>
        </Platform>
        <Platform Width="1" Height="0.29999992" xPos="2.6471698335020215" yPos="1.3302476308605014">
            <Texture>Images/Platforms/Block.png</Texture>
        </Platform>
        <Platform Width="1" Height="0.29999992" xPos="5.3776508076679281" yPos="2.9411774572144158">
            <Texture>Images/Platforms/Block.png</Texture>
        </Platform>
        <Platform Width="1" Height="0.29999992" xPos="8.9364616192800614" yPos="2.3005915458029214">
            <Texture>Images/Platforms/Block.png</Texture>
        </Platform>
        <Platform Width="0.39999992" Height="0.29999992" xPos="10.349528410272089" yPos="3.9601415510325753">
            <Texture>Images/Platforms/Block.png</Texture>
        </Platform>
        <Platform Width="0.39999992" Height="0.29999992" xPos="12.979405215071212" yPos="2.9800008457848084">
            <Texture>Images/Platforms/Block.png</Texture>
        </Platform>
        <Platform Width="1" Height="4.4999981" xPos="16.588821425194006" yPos="0.097058471425984311">
            <Texture>Images/Platforms/Block.png</Texture>
        </Platform>
        <Platform Width="0.39999992" Height="0.29999992" xPos="15.422348906229717" yPos="1.8217697534347232">
            <Texture>Images/Platforms/Block.png</Texture>
        </Platform>
        <Platform Width="0.29999992" Height="2.8999994" xPos="14.632939962563018" yPos="3.115882705781186">
            <Texture>Images/Platforms/Block.png</Texture>
        </Platform>
        <Platform Width="0.69999993" Height="0.29999992" xPos="14.141177014049338" yPos="4.4164662228893823">
            <Texture>Images/Platforms/Block.png</Texture>
        </Platform>
        <Platform Width="0.29999992" Height="1.7000002" xPos="11.954126006185868" yPos="1.6582351066974441">
            <Texture>Images/Platforms/Block.png</Texture>
        </Platform>
        <Platform Width="0.5999999" Height="5.9999967" xPos="-6.6488112523914671" yPos="1.2423484342525963">
            <Texture>Images/Platforms/Block.png</Texture>
        </Platform>
        <Platform Width="1" Height="10.800005" xPos="17.569427466297785" yPos="3.2493960594089892">
            <Texture>Images/Platforms/Block.png</Texture>
        </Platform>
        <Platform Width="1" Height="0.29999992" xPos="16.580580061281676" yPos="4.3517605752720598">
            <Texture>Images/Platforms/Block.png</Texture>
        </Platform>
    </Platforms>
    <Player xPos="-0.30765744260984373" yPos="0.54999800474724336"/>
    <LevelTrigger Width="1" Height="1" xPos="16.625874017065833" yPos="2.8376484210266968">
        <Texture>Images/Misc/Portal.png</Texture>
    </LevelTrigger>
    <Enemies>
        <Enemy xPos="3.415299256762125" yPos="-1.2570600914700429">
            <Name>Enemy0</Name>
            <Tag>MeleeEnemy</Tag>
        </Enemy>
        <Enemy xPos="5.8805845644425316" yPos="-1.2505895267083111">
            <Name>Enemy1</Name>
            <Tag>MeleeEnemy</Tag>
        </Enemy>
        <Enemy xPos="4.5217658909178988" yPos="-1.2505895267083109">
            <Name>Enemy2</Name>
            <Tag>MeleeEnemy</Tag>
        </Enemy>
        <Enemy xPos="7.1229330659507664" yPos="-1.2441189619465791">
            <Name>Enemy3</Name>
            <Tag>RangedEnemy</Tag>
        </Enemy>
        <Enemy xPos="10.585296123623035" yPos="-1.2441189619465767">
            <Name>Enemy4</Name>
            <Tag>RangedEnemy</Tag>
        </Enemy>
        <Enemy xPos="15.053526694844457" yPos="-1.2764717857552375">
            <Name>Enemy5</Name>
            <Tag>MeleeEnemy</Tag>
        </Enemy>
        <Enemy xPos="13.979412886248788" yPos="-1.2570600914700405">
            <Name>Enemy6</Name>
            <Tag>MeleeEnemy</Tag>
        </Enemy>
        <Enemy xPos="12.909999797639202" yPos="-1.2635306562317752">
            <Name>Enemy7</Name>
            <Tag>MeleeEnemy</Tag>
        </Enemy>
        <Enemy xPos="11.80823292979521" yPos="-1.2700012209935059">
            <Name>Enemy8</Name>
            <Tag>MeleeEnemy</Tag>
        </Enemy>
        <Enemy xPos="9.71647055348609" yPos="-1.2570600914700429">
            <Name>Enemy9</Name>
            <Tag>MeleeEnemy</Tag>
        </Enemy>
        <Enemy xPos="8.3429399509371684" yPos="-1.2570600914700494">
            <Name>Enemy10</Name>
            <Tag>MeleeEnemy</Tag>
        </Enemy>
    </Enemies>
</Level5>
