<Level1>
    <Platforms>
        <Platform Width="10.900005" Height="0.39999992" xPos="-0.1173608567089985" yPos="-1.8256132865198336">
            <Texture>Images/Platforms/block.png</Texture>
        </Platform>
        <Platform Width="2.7999995" Height="0.19999993" xPos="2.7029434855157071" yPos="0.17949264351044161">
            <Texture>Images/Platforms/block.png</Texture>
        </Platform>
        <Platform Width="1.3000001" Height="4.7999978" xPos="-4.9447754776061341" yPos="0.79113277499651735">
            <Texture>Images/Platforms/block2.png</Texture>
        </Platform>
        <Platform Width="1.9000002" Height="0.19999993" xPos="-1.0447392556679205" yPos="-0.33597340964774791">
            <Texture>Images/Platforms/block.png</Texture>
        </Platform>
        <Platform Width="4.0999985" Height="0.19999993" xPos="7.7116771344218575" yPos="-0.67654919477012498">
            <Texture>Images/Platforms/block.png</Texture>
        </Platform>
        <Platform Width="10.400003" Height="0.39999992" xPos="10.523258419243469" yPos="-1.8256132865198336">
            <Texture>Images/Platforms/block.png</Texture>
        </Platform>
        <Platform Width="0.79999995" Height="1" xPos="9.3455204637703737" yPos="-0.069035632119400531">
            <Texture>Images/Platforms/block2.png</Texture>
        </Platform>
        <Platform Width="4.0999985" Height="0.19999993" xPos="11.788147652662675" yPos="1.4865708190232931">
            <Texture>Images/Platforms/block.png</Texture>
        </Platform>
        <Platform Width="1.6000001" Height="6.7999959" xPos="14.934152085512038" yPos="1.8040386091361678">
            <Texture>Images/Platforms/block2.png</Texture>
        </Platform>
        <Platform Width="2.5999997" Height="0.39999992" xPos="2.2922072442754535" yPos="3.0602844863354655">
            <Texture>Images/Platforms/block.png</Texture>
        </Platform>
    </Platforms>
    <Player xPos="-3.218126549965739" yPos="-0.81061106929719329"/>
    <LevelTrigger Width="1" Height="1" xPos="13.489141881875092" yPos="2.1349000441450574">
        <Texture>Images/Misc/Portal.png</Texture>
    </LevelTrigger>
    <TextTriggers>
        <Trigger Width="2.9999993" Height="1" xPos="7.2709816251664634" yPos="-0.049496060794073947">
            <Text>Why would they bring me back to life in this world?</Text>
        </Trigger>
        <Trigger Width="1.8000002" Height="1" xPos="-1.0223572025025356" yPos="0.32204386283442421">
            <Text>Where am I?</Text>
        </Trigger>
        <Trigger Width="1.8000002" Height="1.4000001" xPos="3.5556095895671844" yPos="0.99664250998549897">
            <Text>What the hell was that thing?!</Text>
        </Trigger>
        <Trigger Width="3.1999991" Height="1" xPos="11.357902817415072" yPos="2.1154675502905764">
            <Text>What a cruel fate...</Text>
        </Trigger>
    </TextTriggers>
    <HealthPacks>
        <HealthPack Width="0.30000001" Height="0.30000001" xPos="1.533940089305784" yPos="0.52006842863281721"/>
    </HealthPacks>
    <Background Width="12" Height="12">
        <Texture>Images/Backgrounds/BGSciFi.jpg</Texture>
    </Background>
    <Enemies>
        <Enemy xPos="9.7853376605059932" yPos="3.3561892758393777">
            <Name>Enemy1</Name>
            <Tag>RangedEnemy</Tag>
        </Enemy>
        <Enemy xPos="3.3669500338960474" yPos="0.91079895426650714">
            <Name>Enemy2</Name>
            <Tag>MeleeEnemy</Tag>
        </Enemy>
        <Enemy xPos="-1.4238525706838936" yPos="2.0948375948129705">
            <Name>Enemy2</Name>
            <Tag>RangedEnemy</Tag>
        </Enemy>
    </Enemies>
</Level1>
